{
    "name": "Emby Icon",
    "description": "sooyaaabo（恩秀）",
    "icons": [
        {
            "name": "AList",
            "url": "https://raw.githubusercontent.com/sooyaaabo/IconLibrary/main/Emby/AList.png"
        },
        {
            "name": "OpenList",
            "url": "https://raw.githubusercontent.com/sooyaaabo/IconLibrary/main/Emby/OpenList.png"
        },
        {
            "name": "Emby",
            "url": "https://raw.githubusercontent.com/sooyaaabo/IconLibrary/main/Emby/Emby.png"
        },
        {
            "name": "Jellyfin",
            "url": "https://raw.githubusercontent.com/sooyaaabo/IconLibrary/main/Emby/Jellyfin.png"
        },
        {
            "name": "Plex",
            "url": "https://raw.githubusercontent.com/sooyaaabo/IconLibrary/main/Emby/Plex.png"
        },
        {
            "name": "115",
            "url": "https://raw.githubusercontent.com/sooyaaabo/IconLibrary/main/Emby/115.png"
        },
        {
            "name": "123",
            "url": "https://raw.githubusercontent.com/sooyaaabo/IconLibrary/main/Emby/123.png"
        },
        {
            "name": "Alipan",
            "url": "https://raw.githubusercontent.com/sooyaaabo/IconLibrary/main/Emby/Alipan.png"
        },
        {
            "name": "BaiduNetDisk",
            "url": "https://raw.githubusercontent.com/sooyaaabo/IconLibrary/main/Emby/BaiduNetDisk.png"
        },
        {
            "name": "GoogleDrive",
            "url": "https://raw.githubusercontent.com/sooyaaabo/IconLibrary/main/Emby/GoogleDrive.png"
        },
        {
            "name": "OneDrive",
            "url": "https://raw.githubusercontent.com/sooyaaabo/IconLibrary/main/Emby/OneDrive.png"
        },
        {
            "name": "PikPak",
            "url": "https://raw.githubusercontent.com/sooyaaabo/IconLibrary/main/Emby/PikPak.png"
        },
        {
            "name": "fnOS",
            "url": "https://raw.githubusercontent.com/sooyaaabo/IconLibrary/main/Emby/fnOS.png"
        },
        {
            "name": "RottenTomatoes Fresh",
            "url": "https://raw.githubusercontent.com/sooyaaabo/IconLibrary/main/Emby/RottenTomatoes_Fresh.png"
        },
        {
            "name": "RottenTomatoes Rotten",
            "url": "https://raw.githubusercontent.com/sooyaaabo/IconLibrary/main/Emby/RottenTomatoes_Rotten.png"
        },
        {
            "name": "RottenTomatoes PositiveAudience",
            "url": "https://raw.githubusercontent.com/sooyaaabo/IconLibrary/main/Emby/RottenTomatoes_PositiveAudience.png"
        },
        {
            "name": "RottenTomatoes NegativeAudience",
            "url": "https://raw.githubusercontent.com/sooyaaabo/IconLibrary/main/Emby/RottenTomatoes_NegativeAudience.png"
        },
        {
            "name": "105°",
            "url": "https://raw.githubusercontent.com/sooyaaabo/IconLibrary/main/Emby/105-01.png"
        },
        {
            "name": "105°",
            "url": "https://raw.githubusercontent.com/sooyaaabo/IconLibrary/main/Emby/105-02.png"
        },
        {
            "name": "404NotFound",
            "url": "https://raw.githubusercontent.com/sooyaaabo/IconLibrary/main/Emby/404NotFound.png"
        },
        {
            "name": "Aladdin Alading",
            "url": "https://raw.githubusercontent.com/sooyaaabo/IconLibrary/main/Emby/AladdinEmby-01.png"
        },
        {
            "name": "Aladdin Alading",
            "url": "https://raw.githubusercontent.com/sooyaaabo/IconLibrary/main/Emby/AladdinEmby-02.png"
        },
        {
            "name": "AlphaTVOmega",
            "url": "https://raw.githubusercontent.com/sooyaaabo/IconLibrary/main/Emby/AlphaTVOmega.png"
        },
        {
            "name": "AlphaTVOversea",
            "url": "https://raw.githubusercontent.com/sooyaaabo/IconLibrary/main/Emby/AlphaTVOversea-01.png"
        },
        {
            "name": "AlphaTVOversea",
            "url": "https://raw.githubusercontent.com/sooyaaabo/IconLibrary/main/Emby/AlphaTVOversea-02.png"
        },
        {
            "name": "AlphaTVOversea",
            "url": "https://raw.githubusercontent.com/sooyaaabo/IconLibrary/main/Emby/AlphaTVOversea-03.png"
        },
        {
            "name": "AniSaga",
            "url": "https://raw.githubusercontent.com/sooyaaabo/IconLibrary/main/Emby/AniSaga-01.png"
        },
        {
            "name": "AniSaga",
            "url": "https://raw.githubusercontent.com/sooyaaabo/IconLibrary/main/Emby/AniSaga-02.png"
        },
        {
            "name": "AniSaga",
            "url": "https://raw.githubusercontent.com/sooyaaabo/IconLibrary/main/Emby/AniSaga-03.png"
        },
        {
            "name": "ApopCloud",
            "url": "https://raw.githubusercontent.com/sooyaaabo/IconLibrary/main/Emby/ApopCloud.png"
        },
        {
            "name": "AskUniversal",
            "url": "https://raw.githubusercontent.com/sooyaaabo/IconLibrary/main/Emby/AskUniversal-01.png"
        },
        {
            "name": "AskUniversal",
            "url": "https://raw.githubusercontent.com/sooyaaabo/IconLibrary/main/Emby/AskUniversal-02.png"
        },
        {
            "name": "AskUniversal",
            "url": "https://raw.githubusercontent.com/sooyaaabo/IconLibrary/main/Emby/AskUniversal-03.png"
        },
        {
            "name": "AuroraMedia",
            "url": "https://raw.githubusercontent.com/sooyaaabo/IconLibrary/main/Emby/AuroraMedia-01.png"
        },
        {
            "name": "AuroraMedia",
            "url": "https://raw.githubusercontent.com/sooyaaabo/IconLibrary/main/Emby/AuroraMedia-02.png"
        },
        {
            "name": "AuroraMedia",
            "url": "https://raw.githubusercontent.com/sooyaaabo/IconLibrary/main/Emby/AuroraMedia-03.png"
        },
        {
            "name": "AWATV",
            "url": "https://raw.githubusercontent.com/sooyaaabo/IconLibrary/main/Emby/AWATV-01.png"
        },
        {
            "name": "AWATV",
            "url": "https://raw.githubusercontent.com/sooyaaabo/IconLibrary/main/Emby/AWATV-02.png"
        },
        {
            "name": "BBFreeFilm BeeBI",
            "url": "https://raw.githubusercontent.com/sooyaaabo/IconLibrary/main/Emby/BBFreeFilm.png"
        },
        {
            "name": "BTYIN EFu",
            "url": "https://raw.githubusercontent.com/sooyaaabo/IconLibrary/main/Emby/BTYIN-01.png"
        },
        {
            "name": "BTYIN EFu",
            "url": "https://raw.githubusercontent.com/sooyaaabo/IconLibrary/main/Emby/BTYIN-02.png"
        },
        {
            "name": "BuChiXiangCai BCXC",
            "url": "https://raw.githubusercontent.com/sooyaaabo/IconLibrary/main/Emby/BuChiXiangCai-01.png"
        },
        {
            "name": "BuChiXiangCai BCXC",
            "url": "https://raw.githubusercontent.com/sooyaaabo/IconLibrary/main/Emby/BuChiXiangCai-02.png"
        },
        {
            "name": "CcEmby",
            "url": "https://raw.githubusercontent.com/sooyaaabo/IconLibrary/main/Emby/CcEmby.png"
        },
        {
            "name": "CharonTV Karong",
            "url": "https://raw.githubusercontent.com/sooyaaabo/IconLibrary/main/Emby/CharonTV-01.png"
        },
        {
            "name": "CharonTV Karong",
            "url": "https://raw.githubusercontent.com/sooyaaabo/IconLibrary/main/Emby/CharonTV-02.png"
        },
        {
            "name": "ChilledMelon Xigua Daigua",
            "url": "https://raw.githubusercontent.com/sooyaaabo/IconLibrary/main/Emby/ChilledMelon-01.png"
        },
        {
            "name": "ChilledMelon Xigua Daigua",
            "url": "https://raw.githubusercontent.com/sooyaaabo/IconLibrary/main/Emby/ChilledMelon-02.png"
        },
        {
            "name": "CineTrail Yingji",
            "url": "https://raw.githubusercontent.com/sooyaaabo/IconLibrary/main/Emby/CineTrail.png"
        },
        {
            "name": "CloudEmby",
            "url": "https://raw.githubusercontent.com/sooyaaabo/IconLibrary/main/Emby/CloudEmby.png"
        },
        {
            "name": "CoCoEmby",
            "url": "https://raw.githubusercontent.com/sooyaaabo/IconLibrary/main/Emby/CoCoEmby.png"
        },
        {
            "name": "CookieEmby",
            "url": "https://raw.githubusercontent.com/sooyaaabo/IconLibrary/main/Emby/CookieEmby.png"
        },
        {
            "name": "dadaEmby",
            "url": "https://raw.githubusercontent.com/sooyaaabo/IconLibrary/main/Emby/dadaEmby.png"
        },
        {
            "name": "DanfuEmby",
            "url": "https://raw.githubusercontent.com/sooyaaabo/IconLibrary/main/Emby/DanfuEmby.png"
        },
        {
            "name": "DimLight",
            "url": "https://raw.githubusercontent.com/sooyaaabo/IconLibrary/main/Emby/DimLight.png"
        },
        {
            "name": "Doubon",
            "url": "https://raw.githubusercontent.com/sooyaaabo/IconLibrary/main/Emby/Doubon.png"
        },
        {
            "name": "DPeakFilma",
            "url": "https://raw.githubusercontent.com/sooyaaabo/IconLibrary/main/Emby/DPeakFilma.png"
        },
        {
            "name": "DuskyEmby",
            "url": "https://raw.githubusercontent.com/sooyaaabo/IconLibrary/main/Emby/DuskyEmby.png"
        },
        {
            "name": "DVFilm DaV",
            "url": "https://raw.githubusercontent.com/sooyaaabo/IconLibrary/main/Emby/DVFilm-01.png"
        },
        {
            "name": "DVFilm DaV",
            "url": "https://raw.githubusercontent.com/sooyaaabo/IconLibrary/main/Emby/DVFilm-02.png"
        },
        {
            "name": "DVFilm DaV",
            "url": "https://raw.githubusercontent.com/sooyaaabo/IconLibrary/main/Emby/DVFilm-03.png"
        },
        {
            "name": "DVFilm DaV",
            "url": "https://raw.githubusercontent.com/sooyaaabo/IconLibrary/main/Emby/DVFilm-04.png"
        },
        {
            "name": "EchoFlix",
            "url": "https://raw.githubusercontent.com/sooyaaabo/IconLibrary/main/Emby/EchoFlix-01.png"
        },
        {
            "name": "EchoFlix",
            "url": "https://raw.githubusercontent.com/sooyaaabo/IconLibrary/main/Emby/EchoFlix-02.png"
        },
        {
            "name": "EdgeEmby",
            "url": "https://raw.githubusercontent.com/sooyaaabo/IconLibrary/main/Emby/EdgeEmby.png"
        },
        {
            "name": "EmbyPlus Zhipianren",
            "url": "https://raw.githubusercontent.com/sooyaaabo/IconLibrary/main/Emby/EmbyPlus-01.png"
        },
        {
            "name": "EmbyPlus Zhipianren",
            "url": "https://raw.githubusercontent.com/sooyaaabo/IconLibrary/main/Emby/EmbyPlus-02.png"
        },
        {
            "name": "EmbyPlus Zhipianren",
            "url": "https://raw.githubusercontent.com/sooyaaabo/IconLibrary/main/Emby/EmbyPlus-03.png"
        },
        {
            "name": "EmbyPub Zhongdianzhan Zdz",
            "url": "https://raw.githubusercontent.com/sooyaaabo/IconLibrary/main/Emby/EmbyPub.png"
        },
        {
            "name": "emos",
            "url": "https://raw.githubusercontent.com/sooyaaabo/IconLibrary/main/Emby/emos.png"
        },
        {
            "name": "empn",
            "url": "https://raw.githubusercontent.com/sooyaaabo/IconLibrary/main/Emby/empn-01.png"
        },
        {
            "name": "empn",
            "url": "https://raw.githubusercontent.com/sooyaaabo/IconLibrary/main/Emby/empn-02.png"
        },
        {
            "name": "ETFLIX",
            "url": "https://raw.githubusercontent.com/sooyaaabo/IconLibrary/main/Emby/ETFLIX.png"
        },
        {
            "name": "FeiniuEmby",
            "url": "https://raw.githubusercontent.com/sooyaaabo/IconLibrary/main/Emby/FeiniuEmby.png"
        },
        {
            "name": "FeiYueCaiHong Rainbow",
            "url": "https://raw.githubusercontent.com/sooyaaabo/IconLibrary/main/Emby/FeiYueCaiHong-01.png"
        },
        {
            "name": "FeiYueCaiHong Rainbow",
            "url": "https://raw.githubusercontent.com/sooyaaabo/IconLibrary/main/Emby/FeiYueCaiHong-02.png"
        },
        {
            "name": "FeiYueCaiHong Rainbow",
            "url": "https://raw.githubusercontent.com/sooyaaabo/IconLibrary/main/Emby/FeiYueCaiHong-03.png"
        },
        {
            "name": "FeiYueCaiHong Rainbow",
            "url": "https://raw.githubusercontent.com/sooyaaabo/IconLibrary/main/Emby/FeiYueCaiHong-04.png"
        },
        {
            "name": "FeiYueYinHe YHEmby",
            "url": "https://raw.githubusercontent.com/sooyaaabo/IconLibrary/main/Emby/FeiYueYinHe.png"
        },
        {
            "name": "FJYEmby",
            "url": "https://raw.githubusercontent.com/sooyaaabo/IconLibrary/main/Emby/FJYEmby.png"
        },
        {
            "name": "FufuEmby",
            "url": "https://raw.githubusercontent.com/sooyaaabo/IconLibrary/main/Emby/FufuEmby.png"
        },
        {
            "name": "FWorksEmby",
            "url": "https://raw.githubusercontent.com/sooyaaabo/IconLibrary/main/Emby/FWorksEmby.png"
        },
        {
            "name": "GouSheng",
            "url": "https://raw.githubusercontent.com/sooyaaabo/IconLibrary/main/Emby/GouSheng.png"
        },
        {
            "name": "HandouEmby",
            "url": "https://raw.githubusercontent.com/sooyaaabo/IconLibrary/main/Emby/HandouEmby-01.png"
        },
        {
            "name": "HandouEmby",
            "url": "https://raw.githubusercontent.com/sooyaaabo/IconLibrary/main/Emby/HandouEmby-02.png"
        },
        {
            "name": "HardMoon Yingyue",
            "url": "https://raw.githubusercontent.com/sooyaaabo/IconLibrary/main/Emby/HardMoon.png"
        },
        {
            "name": "HelloEmby Nihao",
            "url": "https://raw.githubusercontent.com/sooyaaabo/IconLibrary/main/Emby/HelloEmby.png"
        },
        {
            "name": "HKAEmby",
            "url": "https://raw.githubusercontent.com/sooyaaabo/IconLibrary/main/Emby/HKAEmby-01.png"
        },
        {
            "name": "HKAEmby",
            "url": "https://raw.githubusercontent.com/sooyaaabo/IconLibrary/main/Emby/HKAEmby-02.png"
        },
        {
            "name": "HohaiEmby",
            "url": "https://raw.githubusercontent.com/sooyaaabo/IconLibrary/main/Emby/HohaiEmby.png"
        },
        {
            "name": "Houyinx",
            "url": "https://raw.githubusercontent.com/sooyaaabo/IconLibrary/main/Emby/Houyinx-01.png"
        },
        {
            "name": "Houyinx",
            "url": "https://raw.githubusercontent.com/sooyaaabo/IconLibrary/main/Emby/Houyinx-02.png"
        },
        {
            "name": "HualuEmby",
            "url": "https://raw.githubusercontent.com/sooyaaabo/IconLibrary/main/Emby/HualuEmby-01.png"
        },
        {
            "name": "HualuEmby",
            "url": "https://raw.githubusercontent.com/sooyaaabo/IconLibrary/main/Emby/HualuEmby-02.png"
        },
        {
            "name": "ichinosekotomifan",
            "url": "https://raw.githubusercontent.com/sooyaaabo/IconLibrary/main/Emby/ichinosekotomifan-01.png"
        },
        {
            "name": "ichinosekotomifan",
            "url": "https://raw.githubusercontent.com/sooyaaabo/IconLibrary/main/Emby/ichinosekotomifan-02.png"
        },
        {
            "name": "ikunEmby",
            "url": "https://raw.githubusercontent.com/sooyaaabo/IconLibrary/main/Emby/ikunEmby.png"
        },
        {
            "name": "Jellyfish+ Shuimu",
            "url": "https://raw.githubusercontent.com/sooyaaabo/IconLibrary/main/Emby/Jellyfish+.png"
        },
        {
            "name": "JianShouQingn Jsq",
            "url": "https://raw.githubusercontent.com/sooyaaabo/IconLibrary/main/Emby/JianShouQing.png"
        },
        {
            "name": "Jingzhe",
            "url": "https://raw.githubusercontent.com/sooyaaabo/IconLibrary/main/Emby/JingzheEmby-01.png"
        },
        {
            "name": "Jingzhe",
            "url": "https://raw.githubusercontent.com/sooyaaabo/IconLibrary/main/Emby/JingzheEmby-02.png"
        },
        {
            "name": "Jingzhe",
            "url": "https://raw.githubusercontent.com/sooyaaabo/IconLibrary/main/Emby/JingzheEmby-03.png"
        },
        {
            "name": "JulyEmby",
            "url": "https://raw.githubusercontent.com/sooyaaabo/IconLibrary/main/Emby/JulyEmby-01.png"
        },
        {
            "name": "JulyEmby",
            "url": "https://raw.githubusercontent.com/sooyaaabo/IconLibrary/main/Emby/JulyEmby-02.png"
        },
        {
            "name": "JulyEmby",
            "url": "https://raw.githubusercontent.com/sooyaaabo/IconLibrary/main/Emby/JulyEmby-03.png"
        },
        {
            "name": "KFCV50Emby",
            "url": "https://raw.githubusercontent.com/sooyaaabo/IconLibrary/main/Emby/KFCV50Emby-01.png"
        },
        {
            "name": "KFCV50Emby",
            "url": "https://raw.githubusercontent.com/sooyaaabo/IconLibrary/main/Emby/KFCV50Emby-02.png"
        },
        {
            "name": "KFCV50Emby",
            "url": "https://raw.githubusercontent.com/sooyaaabo/IconLibrary/main/Emby/KFCV50Emby-03.png"
        },
        {
            "name": "KikuEmby",
            "url": "https://raw.githubusercontent.com/sooyaaabo/IconLibrary/main/Emby/KikuEmby-01.png"
        },
        {
            "name": "KikuEmby",
            "url": "https://raw.githubusercontent.com/sooyaaabo/IconLibrary/main/Emby/KikuEmby-02.png"
        },
        {
            "name": "Laoyouji",
            "url": "https://raw.githubusercontent.com/sooyaaabo/IconLibrary/main/Emby/Laoyouji.png"
        },
        {
            "name": "LeEmby",
            "url": "https://raw.githubusercontent.com/sooyaaabo/IconLibrary/main/Emby/LeEmby.png"
        },
        {
            "name": "Lemby",
            "url": "https://raw.githubusercontent.com/sooyaaabo/IconLibrary/main/Emby/Lemby.png"
        },
        {
            "name": "LevildeLuminia",
            "url": "https://raw.githubusercontent.com/sooyaaabo/IconLibrary/main/Emby/LevildeLuminia-01.png"
        },
        {
            "name": "LevildeLuminia",
            "url": "https://raw.githubusercontent.com/sooyaaabo/IconLibrary/main/Emby/LevildeLuminia-02.png"
        },
        {
            "name": "LevildeLuminia",
            "url": "https://raw.githubusercontent.com/sooyaaabo/IconLibrary/main/Emby/LevildeLuminia-03.png"
        },
        {
            "name": "Libhsulife Wenjian",
            "url": "https://raw.githubusercontent.com/sooyaaabo/IconLibrary/main/Emby/libhsulife-01.png"
        },
        {
            "name": "Libhsulife Wenjian",
            "url": "https://raw.githubusercontent.com/sooyaaabo/IconLibrary/main/Emby/libhsulife-02.png"
        },
        {
            "name": "Libhsulife Wenjian",
            "url": "https://raw.githubusercontent.com/sooyaaabo/IconLibrary/main/Emby/libhsulife-03.png"
        },
        {
            "name": "Libhsulife Wenjian",
            "url": "https://raw.githubusercontent.com/sooyaaabo/IconLibrary/main/Emby/libhsulife-04.png"
        },
        {
            "name": "LilyEmby",
            "url": "https://raw.githubusercontent.com/sooyaaabo/IconLibrary/main/Emby/LilyEmby-01.png"
        },
        {
            "name": "LilyEmby",
            "url": "https://raw.githubusercontent.com/sooyaaabo/IconLibrary/main/Emby/LilyEmby-02.png"
        },
        {
            "name": "Liminal Linjing",
            "url": "https://raw.githubusercontent.com/sooyaaabo/IconLibrary/main/Emby/Liminal-01.png"
        },
        {
            "name": "Liminal Linjing",
            "url": "https://raw.githubusercontent.com/sooyaaabo/IconLibrary/main/Emby/Liminal-02.png"
        },
        {
            "name": "Liminal Linjing",
            "url": "https://raw.githubusercontent.com/sooyaaabo/IconLibrary/main/Emby/Liminal-03.png"
        },
        {
            "name": "Liminal Linjing",
            "url": "https://raw.githubusercontent.com/sooyaaabo/IconLibrary/main/Emby/Liminal-04.png"
        },
        {
            "name": "LiminalLite Linjing",
            "url": "https://raw.githubusercontent.com/sooyaaabo/IconLibrary/main/Emby/LiminalLite-01.png"
        },
        {
            "name": "LiminalLite Linjing",
            "url": "https://raw.githubusercontent.com/sooyaaabo/IconLibrary/main/Emby/LiminalLite-02.png"
        },
        {
            "name": "LiminalPro Linjing",
            "url": "https://raw.githubusercontent.com/sooyaaabo/IconLibrary/main/Emby/LiminalPro.png"
        },
        {
            "name": "Luxrealm",
            "url": "https://raw.githubusercontent.com/sooyaaabo/IconLibrary/main/Emby/Luxrealm-01.png"
        },
        {
            "name": "Luxrealm",
            "url": "https://raw.githubusercontent.com/sooyaaabo/IconLibrary/main/Emby/Luxrealm-02.png"
        },
        {
            "name": "LiuliEmby",
            "url": "https://raw.githubusercontent.com/sooyaaabo/IconLibrary/main/Emby/LiuliEmby.png"
        },
        {
            "name": "Liuyingshe",
            "url": "https://raw.githubusercontent.com/sooyaaabo/IconLibrary/main/Emby/Liuyingshe.png"
        },
        {
            "name": "Loser 1111",
            "url": "https://raw.githubusercontent.com/sooyaaabo/IconLibrary/main/Emby/Loser.1111-01.png"
        },
        {
            "name": "Loser 1111",
            "url": "https://raw.githubusercontent.com/sooyaaabo/IconLibrary/main/Emby/Loser.1111-02.png"
        },
        {
            "name": "Loser 1111",
            "url": "https://raw.githubusercontent.com/sooyaaabo/IconLibrary/main/Emby/Loser.1111-03.png"
        },
        {
            "name": "LustfulBoy",
            "url": "https://raw.githubusercontent.com/sooyaaabo/IconLibrary/main/Emby/LustfulBoy-01.png"
        },
        {
            "name": "LustfulBoy",
            "url": "https://raw.githubusercontent.com/sooyaaabo/IconLibrary/main/Emby/LustfulBoy-02.png"
        },
        {
            "name": "Lyrebird",
            "url": "https://raw.githubusercontent.com/sooyaaabo/IconLibrary/main/Emby/Lyrebird-01.png"
        },
        {
            "name": "Lyrebird",
            "url": "https://raw.githubusercontent.com/sooyaaabo/IconLibrary/main/Emby/Lyrebird-02.png"
        },
        {
            "name": "Lyrebird",
            "url": "https://raw.githubusercontent.com/sooyaaabo/IconLibrary/main/Emby/Lyrebird-03.png"
        },
        {
            "name": "MaoyanEmby",
            "url": "https://raw.githubusercontent.com/sooyaaabo/IconLibrary/main/Emby/MaoyanEmby-01.png"
        },
        {
            "name": "MaoyanEmby",
            "url": "https://raw.githubusercontent.com/sooyaaabo/IconLibrary/main/Emby/MaoyanEmby-02.png"
        },
        {
            "name": "Maidanglao MDL",
            "url": "https://raw.githubusercontent.com/sooyaaabo/IconLibrary/main/Emby/MDLEmby-01.png"
        },
        {
            "name": "Maidanglao MDL",
            "url": "https://raw.githubusercontent.com/sooyaaabo/IconLibrary/main/Emby/MDLEmby-02.png"
        },
        {
            "name": "MeatHub",
            "url": "https://raw.githubusercontent.com/sooyaaabo/IconLibrary/main/Emby/MeatHub.png"
        },
        {
            "name": "MEEmby",
            "url": "https://raw.githubusercontent.com/sooyaaabo/IconLibrary/main/Emby/MEEmby.png"
        },
        {
            "name": "Meowfly",
            "url": "https://raw.githubusercontent.com/sooyaaabo/IconLibrary/main/Emby/Meowfly-01.png"
        },
        {
            "name": "Meowfly",
            "url": "https://raw.githubusercontent.com/sooyaaabo/IconLibrary/main/Emby/Meowfly-02.png"
        },
        {
            "name": "Meowfly",
            "url": "https://raw.githubusercontent.com/sooyaaabo/IconLibrary/main/Emby/Meowfly-03.png"
        },
        {
            "name": "Meowfly",
            "url": "https://raw.githubusercontent.com/sooyaaabo/IconLibrary/main/Emby/Meowfly-04.png"
        },
        {
            "name": "Meowfly",
            "url": "https://raw.githubusercontent.com/sooyaaabo/IconLibrary/main/Emby/Meowfly-05.png"
        },
        {
            "name": "MisakaF",
            "url": "https://raw.githubusercontent.com/sooyaaabo/IconLibrary/main/Emby/MisakaF.png"
        },
        {
            "name": "Misty",
            "url": "https://raw.githubusercontent.com/sooyaaabo/IconLibrary/main/Emby/Misty.png"
        },
        {
            "name": "Misty+",
            "url": "https://raw.githubusercontent.com/sooyaaabo/IconLibrary/main/Emby/Misty+.png"
        },
        {
            "name": "Mooncake Yuebing",
            "url": "https://raw.githubusercontent.com/sooyaaabo/IconLibrary/main/Emby/Mooncake-01.png"
        },
        {
            "name": "Mooncake Yuebing",
            "url": "https://raw.githubusercontent.com/sooyaaabo/IconLibrary/main/Emby/Mooncake-02.png"
        },
        {
            "name": "Moyunge",
            "url": "https://raw.githubusercontent.com/sooyaaabo/IconLibrary/main/Emby/MoYunGe.png"
        },
        {
            "name": "MskyEmby",
            "url": "https://raw.githubusercontent.com/sooyaaabo/IconLibrary/main/Emby/MskyEmby.png"
        },
        {
            "name": "Nanflix Tiannanxiaozhu",
            "url": "https://raw.githubusercontent.com/sooyaaabo/IconLibrary/main/Emby/Nanflix-01.png"
        },
        {
            "name": "Nanflix Tiannanxiaozhu",
            "url": "https://raw.githubusercontent.com/sooyaaabo/IconLibrary/main/Emby/Nanflix-02.png"
        },
        {
            "name": "Nanflix Tiannanxiaozhu",
            "url": "https://raw.githubusercontent.com/sooyaaabo/IconLibrary/main/Emby/Nanflix-03.png"
        },
        {
            "name": "Nanflix Tiannanxiaozhu",
            "url": "https://raw.githubusercontent.com/sooyaaabo/IconLibrary/main/Emby/Nanflix-04.png"
        },
        {
            "name": "Nanflix Tiannanxiaozhu",
            "url": "https://raw.githubusercontent.com/sooyaaabo/IconLibrary/main/Emby/Nanflix-05.png"
        },
        {
            "name": "Nayovo",
            "url": "https://raw.githubusercontent.com/sooyaaabo/IconLibrary/main/Emby/Nayovo-01.png"
        },
        {
            "name": "Nayovo",
            "url": "https://raw.githubusercontent.com/sooyaaabo/IconLibrary/main/Emby/Nayovo-02.png"
        },
        {
            "name": "NebulaMedia Xingyun",
            "url": "https://raw.githubusercontent.com/sooyaaabo/IconLibrary/main/Emby/NebulaMedia-01.png"
        },
        {
            "name": "NebulaMedia Xingyun",
            "url": "https://raw.githubusercontent.com/sooyaaabo/IconLibrary/main/Emby/NebulaMedia-02.png"
        },
        {
            "name": "NebulaMedia Xingyun",
            "url": "https://raw.githubusercontent.com/sooyaaabo/IconLibrary/main/Emby/NebulaMedia-03.png"
        },
        {
            "name": "NebulaMedia Xingyun",
            "url": "https://raw.githubusercontent.com/sooyaaabo/IconLibrary/main/Emby/NebulaMedia-04.png"
        },
        {
            "name": "NijigenEmby Erciyuan",
            "url": "https://raw.githubusercontent.com/sooyaaabo/IconLibrary/main/Emby/NijigenEmby-01.png"
        },
        {
            "name": "NijigenEmby Erciyuan",
            "url": "https://raw.githubusercontent.com/sooyaaabo/IconLibrary/main/Emby/NijigenEmby-02.png"
        },
        {
            "name": "NijigenEmby Erciyuan",
            "url": "https://raw.githubusercontent.com/sooyaaabo/IconLibrary/main/Emby/NijigenEmby-03.png"
        },
        {
            "name": "NubeBelle",
            "url": "https://raw.githubusercontent.com/sooyaaabo/IconLibrary/main/Emby/NubeBelle.png"
        },
        {
            "name": "NyaMedia",
            "url": "https://raw.githubusercontent.com/sooyaaabo/IconLibrary/main/Emby/NyaMedia.png"
        },
        {
            "name": "OkEmby",
            "url": "https://raw.githubusercontent.com/sooyaaabo/IconLibrary/main/Emby/OkEmby-01.png"
        },
        {
            "name": "OkEmby",
            "url": "https://raw.githubusercontent.com/sooyaaabo/IconLibrary/main/Emby/OkEmby-02.png"
        },
        {
            "name": "OkEmby",
            "url": "https://raw.githubusercontent.com/sooyaaabo/IconLibrary/main/Emby/OkEmby-03.png"
        },
        {
            "name": "OnyraEmby",
            "url": "https://raw.githubusercontent.com/sooyaaabo/IconLibrary/main/Emby/OnyraEmby.png"
        },
        {
            "name": "PaoluEmby",
            "url": "https://raw.githubusercontent.com/sooyaaabo/IconLibrary/main/Emby/PaoluEmby-01.png"
        },
        {
            "name": "PaoluEmby",
            "url": "https://raw.githubusercontent.com/sooyaaabo/IconLibrary/main/Emby/PaoluEmby-02.png"
        },
        {
            "name": "Paul",
            "url": "https://raw.githubusercontent.com/sooyaaabo/IconLibrary/main/Emby/Paul.png"
        },
        {
            "name": "PeachEmby Taozi",
            "url": "https://raw.githubusercontent.com/sooyaaabo/IconLibrary/main/Emby/PeachEmby-01.png"
        },
        {
            "name": "PeachEmby Taozi",
            "url": "https://raw.githubusercontent.com/sooyaaabo/IconLibrary/main/Emby/PeachEmby-02.png"
        },
        {
            "name": "PiliPili",
            "url": "https://raw.githubusercontent.com/sooyaaabo/IconLibrary/main/Emby/PiliPili-01.png"
        },
        {
            "name": "PiliPili",
            "url": "https://raw.githubusercontent.com/sooyaaabo/IconLibrary/main/Emby/PiliPili-02.png"
        },
        {
            "name": "PiliPili",
            "url": "https://raw.githubusercontent.com/sooyaaabo/IconLibrary/main/Emby/PiliPili-03.png"
        },
        {
            "name": "Pinhaofu",
            "url": "https://raw.githubusercontent.com/sooyaaabo/IconLibrary/main/Emby/Pinhaofu.png"
        },
        {
            "name": "PlayzEmby",
            "url": "https://raw.githubusercontent.com/sooyaaabo/IconLibrary/main/Emby/PlayzEmby.png"
        },
        {
            "name": "PlumberEmby",
            "url": "https://raw.githubusercontent.com/sooyaaabo/IconLibrary/main/Emby/PlumberEmby-01.png"
        },
        {
            "name": "PlumberEmby",
            "url": "https://raw.githubusercontent.com/sooyaaabo/IconLibrary/main/Emby/PlumberEmby-02.png"
        },
        {
            "name": "PlumberEmby",
            "url": "https://raw.githubusercontent.com/sooyaaabo/IconLibrary/main/Emby/PlumberEmby-03.png"
        },
        {
            "name": "PlumberEmby",
            "url": "https://raw.githubusercontent.com/sooyaaabo/IconLibrary/main/Emby/PlumberEmby-04.png"
        },
        {
            "name": "PlumberEmby",
            "url": "https://raw.githubusercontent.com/sooyaaabo/IconLibrary/main/Emby/PlumberEmby-05.png"
        },
        {
            "name": "PlumberEmby",
            "url": "https://raw.githubusercontent.com/sooyaaabo/IconLibrary/main/Emby/PlumberEmby-06.png"
        },
        {
            "name": "PlusEmby Jieshuyuedui",
            "url": "https://raw.githubusercontent.com/sooyaaabo/IconLibrary/main/Emby/PlusEmby-01.png"
        },
        {
            "name": "PlusEmby Jieshuyuedui",
            "url": "https://raw.githubusercontent.com/sooyaaabo/IconLibrary/main/Emby/PlusEmby-02.png"
        },
        {
            "name": "PlusEmby Jieshuyuedui",
            "url": "https://raw.githubusercontent.com/sooyaaabo/IconLibrary/main/Emby/PlusEmby-03.png"
        },
        {
            "name": "PlusEmby Jieshuyuedui",
            "url": "https://raw.githubusercontent.com/sooyaaabo/IconLibrary/main/Emby/PlusEmby-04.png"
        },
        {
            "name": "PlusEmby Jieshuyuedui",
            "url": "https://raw.githubusercontent.com/sooyaaabo/IconLibrary/main/Emby/PlusEmby-05.png"
        },
        {
            "name": "PrejuDiceEmby",
            "url": "https://raw.githubusercontent.com/sooyaaabo/IconLibrary/main/Emby/PrejuDiceEmby.png"
        },
        {
            "name": "QyysEmby Qiyuan",
            "url": "https://raw.githubusercontent.com/sooyaaabo/IconLibrary/main/Emby/QyysEmby.png"
        },
        {
            "name": "RocEmby",
            "url": "https://raw.githubusercontent.com/sooyaaabo/IconLibrary/main/Emby/RocEmby.png"
        },
        {
            "name": "RujiEmby",
            "url": "https://raw.githubusercontent.com/sooyaaabo/IconLibrary/main/Emby/RujiEmby-01.png"
        },
        {
            "name": "RujiEmby",
            "url": "https://raw.githubusercontent.com/sooyaaabo/IconLibrary/main/Emby/RujiEmby-02.png"
        },
        {
            "name": "SaoDu",
            "url": "https://raw.githubusercontent.com/sooyaaabo/IconLibrary/main/Emby/SaoDu.png"
        },
        {
            "name": "SaoDu",
            "url": "https://raw.githubusercontent.com/sooyaaabo/IconLibrary/main/Emby/SaoDuLite.png"
        },
        {
            "name": "SaturDayLite SDL",
            "url": "https://raw.githubusercontent.com/sooyaaabo/IconLibrary/main/Emby/SaturDayLite-01.png"
        },
        {
            "name": "SaturDayLite SDL",
            "url": "https://raw.githubusercontent.com/sooyaaabo/IconLibrary/main/Emby/SaturDayLite-02.png"
        },
        {
            "name": "SaturDayLite SDL",
            "url": "https://raw.githubusercontent.com/sooyaaabo/IconLibrary/main/Emby/SaturDayLite-03.png"
        },
        {
            "name": "SaturDayLite SDL",
            "url": "https://raw.githubusercontent.com/sooyaaabo/IconLibrary/main/Emby/SaturDayLite-04.png"
        },
        {
            "name": "sfcjorg Feiyuemeitiku",
            "url": "https://raw.githubusercontent.com/sooyaaabo/IconLibrary/main/Emby/sfcjorg-01.png"
        },
        {
            "name": "sfcjorg Feiyuemeitiku",
            "url": "https://raw.githubusercontent.com/sooyaaabo/IconLibrary/main/Emby/sfcjorg-02.png"
        },
        {
            "name": "sfcjorg Feiyuemeitiku",
            "url": "https://raw.githubusercontent.com/sooyaaabo/IconLibrary/main/Emby/sfcjorg-03.png"
        },
        {
            "name": "ShayuEmby",
            "url": "https://raw.githubusercontent.com/sooyaaabo/IconLibrary/main/Emby/ShayuEmby.png"
        },
        {
            "name": "ShrekEmby",
            "url": "https://raw.githubusercontent.com/sooyaaabo/IconLibrary/main/Emby/ShrekEmby.png"
        },
        {
            "name": "ShuFu",
            "url": "https://raw.githubusercontent.com/sooyaaabo/IconLibrary/main/Emby/ShuFu.png"
        },
        {
            "name": "ShupianEmby Chips",
            "url": "https://raw.githubusercontent.com/sooyaaabo/IconLibrary/main/Emby/ShupianEmby.png"
        },
        {
            "name": "SMLW Shenmiliwu",
            "url": "https://raw.githubusercontent.com/sooyaaabo/IconLibrary/main/Emby/SMLW-01.png"
        },
        {
            "name": "SMLW Shenmiliwu",
            "url": "https://raw.githubusercontent.com/sooyaaabo/IconLibrary/main/Emby/SMLW-02.png"
        },
        {
            "name": "SMLW Shenmiliwu",
            "url": "https://raw.githubusercontent.com/sooyaaabo/IconLibrary/main/Emby/SMLW-03.png"
        },
        {
            "name": "SNTPMediaLite",
            "url": "https://raw.githubusercontent.com/sooyaaabo/IconLibrary/main/Emby/SNTPMediaLite-01.png"
        },
        {
            "name": "SNTPMediaLite",
            "url": "https://raw.githubusercontent.com/sooyaaabo/IconLibrary/main/Emby/SNTPMediaLite-02.png"
        },
        {
            "name": "SNTPMediaLite",
            "url": "https://raw.githubusercontent.com/sooyaaabo/IconLibrary/main/Emby/SNTPMediaLite-03.png"
        },
        {
            "name": "StarEmby",
            "url": "https://raw.githubusercontent.com/sooyaaabo/IconLibrary/main/Emby/StarEmby.png"
        },
        {
            "name": "StarEmby2",
            "url": "https://raw.githubusercontent.com/sooyaaabo/IconLibrary/main/Emby/StarEmby2.png"
        },
        {
            "name": "StarSho Xingshuo",
            "url": "https://raw.githubusercontent.com/sooyaaabo/IconLibrary/main/Emby/StarSho-01.png"
        },
        {
            "name": "StarSho Xingshuo",
            "url": "https://raw.githubusercontent.com/sooyaaabo/IconLibrary/main/Emby/StarSho-02.png"
        },
        {
            "name": "TanhuaTV",
            "url": "https://raw.githubusercontent.com/sooyaaabo/IconLibrary/main/Emby/TanhuaTV-01.png"
        },
        {
            "name": "TanhuaTV",
            "url": "https://raw.githubusercontent.com/sooyaaabo/IconLibrary/main/Emby/TanhuaTV-02.png"
        },
        {
            "name": "TdckEmby Qidianzhan",
            "url": "https://raw.githubusercontent.com/sooyaaabo/IconLibrary/main/Emby/TdckEmby.png"
        },
        {
            "name": "TeCar",
            "url": "https://raw.githubusercontent.com/sooyaaabo/IconLibrary/main/Emby/TeCar.png"
        },
        {
            "name": "Temby",
            "url": "https://raw.githubusercontent.com/sooyaaabo/IconLibrary/main/Emby/Temby.png"
        },
        {
            "name": "TFTV",
            "url": "https://raw.githubusercontent.com/sooyaaabo/IconLibrary/main/Emby/TFTV-01.png"
        },
        {
            "name": "TFTV",
            "url": "https://raw.githubusercontent.com/sooyaaabo/IconLibrary/main/Emby/TFTV-02.png"
        },
        {
            "name": "TheLuYuan",
            "url": "https://raw.githubusercontent.com/sooyaaabo/IconLibrary/main/Emby/TheLuYuan.png"
        },
        {
            "name": "TreeDiagram",
            "url": "https://raw.githubusercontent.com/sooyaaabo/IconLibrary/main/Emby/TreeDiagram.png"
        },
        {
            "name": "Tufei",
            "url": "https://raw.githubusercontent.com/sooyaaabo/IconLibrary/main/Emby/TufeiEmby.png"
        },
        {
            "name": "Unbound WoShenWuJu",
            "url": "https://raw.githubusercontent.com/sooyaaabo/IconLibrary/main/Emby/UnboundEmby.png"
        },
        {
            "name": "VioletEmby",
            "url": "https://raw.githubusercontent.com/sooyaaabo/IconLibrary/main/Emby/VioletEmby.png"
        },
        {
            "name": "WorldLine Shoushushijiexian",
            "url": "https://raw.githubusercontent.com/sooyaaabo/IconLibrary/main/Emby/WorldLine-01.png"
        },
        {
            "name": "WorldLine Shoushushijiexian",
            "url": "https://raw.githubusercontent.com/sooyaaabo/IconLibrary/main/Emby/WorldLine-02.png"
        },
        {
            "name": "XiaoZhuXuan",
            "url": "https://raw.githubusercontent.com/sooyaaabo/IconLibrary/main/Emby/XiaoZhuXuan.png"
        },
        {
            "name": "YeziEmby",
            "url": "https://raw.githubusercontent.com/sooyaaabo/IconLibrary/main/Emby/YeziEmby-01.png"
        },
        {
            "name": "YeziEmby",
            "url": "https://raw.githubusercontent.com/sooyaaabo/IconLibrary/main/Emby/YeziEmby-02.png"
        },
        {
            "name": "YeziEmby",
            "url": "https://raw.githubusercontent.com/sooyaaabo/IconLibrary/main/Emby/YeziEmby-03.png"
        },
        {
            "name": "YeziEmby",
            "url": "https://raw.githubusercontent.com/sooyaaabo/IconLibrary/main/Emby/YeziEmby-04.png"
        },
        {
            "name": "Yimeng",
            "url": "https://raw.githubusercontent.com/sooyaaabo/IconLibrary/main/Emby/Yimeng.png"
        },
        {
            "name": "YomoEmby",
            "url": "https://raw.githubusercontent.com/sooyaaabo/IconLibrary/main/Emby/YomoEmby-01.png"
        },
        {
            "name": "YomoEmby",
            "url": "https://raw.githubusercontent.com/sooyaaabo/IconLibrary/main/Emby/YomoEmby-02.png"
        },
        {
            "name": "YounoEmby",
            "url": "https://raw.githubusercontent.com/sooyaaabo/IconLibrary/main/Emby/YounoEmby-01.png"
        },
        {
            "name": "YounoEmby",
            "url": "https://raw.githubusercontent.com/sooyaaabo/IconLibrary/main/Emby/YounoEmby-02.png"
        },
        {
            "name": "YounoPlus",
            "url": "https://raw.githubusercontent.com/sooyaaabo/IconLibrary/main/Emby/YounoPlus.png"
        },
        {
            "name": "YourFYTing Fangyingting",
            "url": "https://raw.githubusercontent.com/sooyaaabo/IconLibrary/main/Emby/YourFYTing-01.png"
        },
        {
            "name": "YourFYTing Fangyingting",
            "url": "https://raw.githubusercontent.com/sooyaaabo/IconLibrary/main/Emby/YourFYTing-02.png"
        },
        {
            "name": "YumEmby",
            "url": "https://raw.githubusercontent.com/sooyaaabo/IconLibrary/main/Emby/YumEmby-01.png"
        },
        {
            "name": "YumEmby",
            "url": "https://raw.githubusercontent.com/sooyaaabo/IconLibrary/main/Emby/YumEmby-02.png"
        },
        {
            "name": "ZnEmby",
            "url": "https://raw.githubusercontent.com/sooyaaabo/IconLibrary/main/Emby/ZnEmby.png"
        },
        {
            "name": "ZouluEmby",
            "url": "https://raw.githubusercontent.com/sooyaaabo/IconLibrary/main/Emby/ZouluEmby-01.png"
        },
        {
            "name": "ZouluEmby",
            "url": "https://raw.githubusercontent.com/sooyaaabo/IconLibrary/main/Emby/ZouluEmby-02.png"
        },
        {
            "name": "Zox",
            "url": "https://raw.githubusercontent.com/sooyaaabo/IconLibrary/main/Emby/Zox.png"
        },
        {
            "name": "ZoxFree",
            "url": "https://raw.githubusercontent.com/sooyaaabo/IconLibrary/main/Emby/ZoxFree.png"
        }
    ]
}