{
    "name": "Flag Icon",
    "description": "sooyaaabo（恩秀）",
    "icons": [
        {
            "name": "WorldMap",
            "url": "https://raw.githubusercontent.com/sooyaaabo/IconLibrary/main/Flag/WorldMap.png"
        },
        {
            "name": "Afghanistan",
            "url": "https://raw.githubusercontent.com/sooyaaabo/IconLibrary/main/Flag/Afghanistan.png"
        },
        {
            "name": "AlandIslands",
            "url": "https://raw.githubusercontent.com/sooyaaabo/IconLibrary/main/Flag/AlandIslands.png"
        },
        {
            "name": "Albania",
            "url": "https://raw.githubusercontent.com/sooyaaabo/IconLibrary/main/Flag/Albania.png"
        },
        {
            "name": "Algeria",
            "url": "https://raw.githubusercontent.com/sooyaaabo/IconLibrary/main/Flag/Algeria.png"
        },
        {
            "name": "AmericanSamoa",
            "url": "https://raw.githubusercontent.com/sooyaaabo/IconLibrary/main/Flag/AmericanSamoa.png"
        },
        {
            "name": "Andorra",
            "url": "https://raw.githubusercontent.com/sooyaaabo/IconLibrary/main/Flag/Andorra.png"
        },
        {
            "name": "Angola",
            "url": "https://raw.githubusercontent.com/sooyaaabo/IconLibrary/main/Flag/Angola.png"
        },
        {
            "name": "Anguilla",
            "url": "https://raw.githubusercontent.com/sooyaaabo/IconLibrary/main/Flag/Anguilla.png"
        },
        {
            "name": "Antarctica",
            "url": "https://raw.githubusercontent.com/sooyaaabo/IconLibrary/main/Flag/Antarctica.png"
        },
        {
            "name": "AntiguaAndBarbuda",
            "url": "https://raw.githubusercontent.com/sooyaaabo/IconLibrary/main/Flag/AntiguaAndBarbuda.png"
        },
        {
            "name": "Argentina",
            "url": "https://raw.githubusercontent.com/sooyaaabo/IconLibrary/main/Flag/Argentina.png"
        },
        {
            "name": "Armenia",
            "url": "https://raw.githubusercontent.com/sooyaaabo/IconLibrary/main/Flag/Armenia.png"
        },
        {
            "name": "Aruba",
            "url": "https://raw.githubusercontent.com/sooyaaabo/IconLibrary/main/Flag/Aruba.png"
        },
        {
            "name": "AscensionIsland",
            "url": "https://raw.githubusercontent.com/sooyaaabo/IconLibrary/main/Flag/AscensionIsland.png"
        },
        {
            "name": "Australia",
            "url": "https://raw.githubusercontent.com/sooyaaabo/IconLibrary/main/Flag/Australia.png"
        },
        {
            "name": "Austria",
            "url": "https://raw.githubusercontent.com/sooyaaabo/IconLibrary/main/Flag/Austria.png"
        },
        {
            "name": "Azerbaijan",
            "url": "https://raw.githubusercontent.com/sooyaaabo/IconLibrary/main/Flag/Azerbaijan.png"
        },
        {
            "name": "Bahamas",
            "url": "https://raw.githubusercontent.com/sooyaaabo/IconLibrary/main/Flag/Bahamas.png"
        },
        {
            "name": "Bahrain",
            "url": "https://raw.githubusercontent.com/sooyaaabo/IconLibrary/main/Flag/Bahrain.png"
        },
        {
            "name": "Bangladesh",
            "url": "https://raw.githubusercontent.com/sooyaaabo/IconLibrary/main/Flag/Bangladesh.png"
        },
        {
            "name": "Barbados",
            "url": "https://raw.githubusercontent.com/sooyaaabo/IconLibrary/main/Flag/Barbados.png"
        },
        {
            "name": "Belarus",
            "url": "https://raw.githubusercontent.com/sooyaaabo/IconLibrary/main/Flag/Belarus.png"
        },
        {
            "name": "Belgium",
            "url": "https://raw.githubusercontent.com/sooyaaabo/IconLibrary/main/Flag/Belgium.png"
        },
        {
            "name": "Belize",
            "url": "https://raw.githubusercontent.com/sooyaaabo/IconLibrary/main/Flag/Belize.png"
        },
        {
            "name": "Benin",
            "url": "https://raw.githubusercontent.com/sooyaaabo/IconLibrary/main/Flag/Benin.png"
        },
        {
            "name": "Bermuda",
            "url": "https://raw.githubusercontent.com/sooyaaabo/IconLibrary/main/Flag/Bermuda.png"
        },
        {
            "name": "Bhutan",
            "url": "https://raw.githubusercontent.com/sooyaaabo/IconLibrary/main/Flag/Bhutan.png"
        },
        {
            "name": "Bolivia",
            "url": "https://raw.githubusercontent.com/sooyaaabo/IconLibrary/main/Flag/Bolivia.png"
        },
        {
            "name": "BosniaAndHerzegovina",
            "url": "https://raw.githubusercontent.com/sooyaaabo/IconLibrary/main/Flag/BosniaAndHerzegovina.png"
        },
        {
            "name": "Botswana",
            "url": "https://raw.githubusercontent.com/sooyaaabo/IconLibrary/main/Flag/Botswana.png"
        },
        {
            "name": "BouvetIsland",
            "url": "https://raw.githubusercontent.com/sooyaaabo/IconLibrary/main/Flag/BouvetIsland.png"
        },
        {
            "name": "Brazil",
            "url": "https://raw.githubusercontent.com/sooyaaabo/IconLibrary/main/Flag/Brazil.png"
        },
        {
            "name": "BritishIndianOceanTerritory",
            "url": "https://raw.githubusercontent.com/sooyaaabo/IconLibrary/main/Flag/BritishIndianOceanTerritory.png"
        },
        {
            "name": "BritishVirginIslands",
            "url": "https://raw.githubusercontent.com/sooyaaabo/IconLibrary/main/Flag/BritishVirginIslands.png"
        },
        {
            "name": "BruneiDarussalam",
            "url": "https://raw.githubusercontent.com/sooyaaabo/IconLibrary/main/Flag/BruneiDarussalam.png"
        },
        {
            "name": "Bulgaria",
            "url": "https://raw.githubusercontent.com/sooyaaabo/IconLibrary/main/Flag/Bulgaria.png"
        },
        {
            "name": "BurkinaFaso",
            "url": "https://raw.githubusercontent.com/sooyaaabo/IconLibrary/main/Flag/BurkinaFaso.png"
        },
        {
            "name": "Burundi",
            "url": "https://raw.githubusercontent.com/sooyaaabo/IconLibrary/main/Flag/Burundi.png"
        },
        {
            "name": "CaboVerde",
            "url": "https://raw.githubusercontent.com/sooyaaabo/IconLibrary/main/Flag/CaboVerde.png"
        },
        {
            "name": "Cambodia",
            "url": "https://raw.githubusercontent.com/sooyaaabo/IconLibrary/main/Flag/Cambodia.png"
        },
        {
            "name": "Cameroon",
            "url": "https://raw.githubusercontent.com/sooyaaabo/IconLibrary/main/Flag/Cameroon.png"
        },
        {
            "name": "Canada",
            "url": "https://raw.githubusercontent.com/sooyaaabo/IconLibrary/main/Flag/Canada.png"
        },
        {
            "name": "CanaryIslands",
            "url": "https://raw.githubusercontent.com/sooyaaabo/IconLibrary/main/Flag/CanaryIslands.png"
        },
        {
            "name": "CaribbeanNetherlands",
            "url": "https://raw.githubusercontent.com/sooyaaabo/IconLibrary/main/Flag/CaribbeanNetherlands.png"
        },
        {
            "name": "CaymanIslands",
            "url": "https://raw.githubusercontent.com/sooyaaabo/IconLibrary/main/Flag/CaymanIslands.png"
        },
        {
            "name": "CentralAfricanRepublic",
            "url": "https://raw.githubusercontent.com/sooyaaabo/IconLibrary/main/Flag/CentralAfricanRepublic.png"
        },
        {
            "name": "CeutaAndMelilla",
            "url": "https://raw.githubusercontent.com/sooyaaabo/IconLibrary/main/Flag/CeutaAndMelilla.png"
        },
        {
            "name": "Chad",
            "url": "https://raw.githubusercontent.com/sooyaaabo/IconLibrary/main/Flag/Chad.png"
        },
        {
            "name": "Chile",
            "url": "https://raw.githubusercontent.com/sooyaaabo/IconLibrary/main/Flag/Chile.png"
        },
        {
            "name": "China",
            "url": "https://raw.githubusercontent.com/sooyaaabo/IconLibrary/main/Flag/China.png"
        },
        {
            "name": "ChristmasIsland",
            "url": "https://raw.githubusercontent.com/sooyaaabo/IconLibrary/main/Flag/ChristmasIsland.png"
        },
        {
            "name": "ClippertonIsland",
            "url": "https://raw.githubusercontent.com/sooyaaabo/IconLibrary/main/Flag/ClippertonIsland.png"
        },
        {
            "name": "CocosKeelingIslands",
            "url": "https://raw.githubusercontent.com/sooyaaabo/IconLibrary/main/Flag/CocosKeelingIslands.png"
        },
        {
            "name": "Colombia",
            "url": "https://raw.githubusercontent.com/sooyaaabo/IconLibrary/main/Flag/Colombia.png"
        },
        {
            "name": "Comoros",
            "url": "https://raw.githubusercontent.com/sooyaaabo/IconLibrary/main/Flag/Comoros.png"
        },
        {
            "name": "CongoBrazzaville",
            "url": "https://raw.githubusercontent.com/sooyaaabo/IconLibrary/main/Flag/CongoBrazzaville.png"
        },
        {
            "name": "CongoKinshasa",
            "url": "https://raw.githubusercontent.com/sooyaaabo/IconLibrary/main/Flag/CongoKinshasa.png"
        },
        {
            "name": "CookIslands",
            "url": "https://raw.githubusercontent.com/sooyaaabo/IconLibrary/main/Flag/CookIslands.png"
        },
        {
            "name": "CostaRica",
            "url": "https://raw.githubusercontent.com/sooyaaabo/IconLibrary/main/Flag/CostaRica.png"
        },
        {
            "name": "CoteDivoire",
            "url": "https://raw.githubusercontent.com/sooyaaabo/IconLibrary/main/Flag/CoteDivoire.png"
        },
        {
            "name": "Croatia",
            "url": "https://raw.githubusercontent.com/sooyaaabo/IconLibrary/main/Flag/Croatia.png"
        },
        {
            "name": "Cuba",
            "url": "https://raw.githubusercontent.com/sooyaaabo/IconLibrary/main/Flag/Cuba.png"
        },
        {
            "name": "Curacao",
            "url": "https://raw.githubusercontent.com/sooyaaabo/IconLibrary/main/Flag/Curacao.png"
        },
        {
            "name": "Cyprus",
            "url": "https://raw.githubusercontent.com/sooyaaabo/IconLibrary/main/Flag/Cyprus.png"
        },
        {
            "name": "Czechia",
            "url": "https://raw.githubusercontent.com/sooyaaabo/IconLibrary/main/Flag/Czechia.png"
        },
        {
            "name": "Denmark",
            "url": "https://raw.githubusercontent.com/sooyaaabo/IconLibrary/main/Flag/Denmark.png"
        },
        {
            "name": "DiegoGarcia",
            "url": "https://raw.githubusercontent.com/sooyaaabo/IconLibrary/main/Flag/DiegoGarcia.png"
        },
        {
            "name": "Djibouti",
            "url": "https://raw.githubusercontent.com/sooyaaabo/IconLibrary/main/Flag/Djibouti.png"
        },
        {
            "name": "Dominica",
            "url": "https://raw.githubusercontent.com/sooyaaabo/IconLibrary/main/Flag/Dominica.png"
        },
        {
            "name": "DominicanRepublic",
            "url": "https://raw.githubusercontent.com/sooyaaabo/IconLibrary/main/Flag/DominicanRepublic.png"
        },
        {
            "name": "Ecuador",
            "url": "https://raw.githubusercontent.com/sooyaaabo/IconLibrary/main/Flag/Ecuador.png"
        },
        {
            "name": "Egypt",
            "url": "https://raw.githubusercontent.com/sooyaaabo/IconLibrary/main/Flag/Egypt.png"
        },
        {
            "name": "ElSalvador",
            "url": "https://raw.githubusercontent.com/sooyaaabo/IconLibrary/main/Flag/ElSalvador.png"
        },
        {
            "name": "England",
            "url": "https://raw.githubusercontent.com/sooyaaabo/IconLibrary/main/Flag/England.png"
        },
        {
            "name": "EquatorialGuinea",
            "url": "https://raw.githubusercontent.com/sooyaaabo/IconLibrary/main/Flag/EquatorialGuinea.png"
        },
        {
            "name": "Eritrea",
            "url": "https://raw.githubusercontent.com/sooyaaabo/IconLibrary/main/Flag/Eritrea.png"
        },
        {
            "name": "Estonia",
            "url": "https://raw.githubusercontent.com/sooyaaabo/IconLibrary/main/Flag/Estonia.png"
        },
        {
            "name": "Eswatini",
            "url": "https://raw.githubusercontent.com/sooyaaabo/IconLibrary/main/Flag/Eswatini.png"
        },
        {
            "name": "Ethiopia",
            "url": "https://raw.githubusercontent.com/sooyaaabo/IconLibrary/main/Flag/Ethiopia.png"
        },
        {
            "name": "EuropeanUnion",
            "url": "https://raw.githubusercontent.com/sooyaaabo/IconLibrary/main/Flag/EuropeanUnion.png"
        },
        {
            "name": "FalklandIslands",
            "url": "https://raw.githubusercontent.com/sooyaaabo/IconLibrary/main/Flag/FalklandIslands.png"
        },
        {
            "name": "FaroeIslands",
            "url": "https://raw.githubusercontent.com/sooyaaabo/IconLibrary/main/Flag/FaroeIslands.png"
        },
        {
            "name": "Fiji",
            "url": "https://raw.githubusercontent.com/sooyaaabo/IconLibrary/main/Flag/Fiji.png"
        },
        {
            "name": "Finland",
            "url": "https://raw.githubusercontent.com/sooyaaabo/IconLibrary/main/Flag/Finland.png"
        },
        {
            "name": "France",
            "url": "https://raw.githubusercontent.com/sooyaaabo/IconLibrary/main/Flag/France.png"
        },
        {
            "name": "FrenchGuiana",
            "url": "https://raw.githubusercontent.com/sooyaaabo/IconLibrary/main/Flag/FrenchGuiana.png"
        },
        {
            "name": "FrenchPolynesia",
            "url": "https://raw.githubusercontent.com/sooyaaabo/IconLibrary/main/Flag/FrenchPolynesia.png"
        },
        {
            "name": "FrenchSouthernTerritories",
            "url": "https://raw.githubusercontent.com/sooyaaabo/IconLibrary/main/Flag/FrenchSouthernTerritories.png"
        },
        {
            "name": "Gabon",
            "url": "https://raw.githubusercontent.com/sooyaaabo/IconLibrary/main/Flag/Gabon.png"
        },
        {
            "name": "Gambia",
            "url": "https://raw.githubusercontent.com/sooyaaabo/IconLibrary/main/Flag/Gambia.png"
        },
        {
            "name": "Georgia",
            "url": "https://raw.githubusercontent.com/sooyaaabo/IconLibrary/main/Flag/Georgia.png"
        },
        {
            "name": "Germany",
            "url": "https://raw.githubusercontent.com/sooyaaabo/IconLibrary/main/Flag/Germany.png"
        },
        {
            "name": "Ghana",
            "url": "https://raw.githubusercontent.com/sooyaaabo/IconLibrary/main/Flag/Ghana.png"
        },
        {
            "name": "Gibraltar",
            "url": "https://raw.githubusercontent.com/sooyaaabo/IconLibrary/main/Flag/Gibraltar.png"
        },
        {
            "name": "Greece",
            "url": "https://raw.githubusercontent.com/sooyaaabo/IconLibrary/main/Flag/Greece.png"
        },
        {
            "name": "Greenland",
            "url": "https://raw.githubusercontent.com/sooyaaabo/IconLibrary/main/Flag/Greenland.png"
        },
        {
            "name": "Grenada",
            "url": "https://raw.githubusercontent.com/sooyaaabo/IconLibrary/main/Flag/Grenada.png"
        },
        {
            "name": "Guadeloupe",
            "url": "https://raw.githubusercontent.com/sooyaaabo/IconLibrary/main/Flag/Guadeloupe.png"
        },
        {
            "name": "Guam",
            "url": "https://raw.githubusercontent.com/sooyaaabo/IconLibrary/main/Flag/Guam.png"
        },
        {
            "name": "Guatemala",
            "url": "https://raw.githubusercontent.com/sooyaaabo/IconLibrary/main/Flag/Guatemala.png"
        },
        {
            "name": "Guernsey",
            "url": "https://raw.githubusercontent.com/sooyaaabo/IconLibrary/main/Flag/Guernsey.png"
        },
        {
            "name": "Guinea",
            "url": "https://raw.githubusercontent.com/sooyaaabo/IconLibrary/main/Flag/Guinea.png"
        },
        {
            "name": "GuineaBissau",
            "url": "https://raw.githubusercontent.com/sooyaaabo/IconLibrary/main/Flag/GuineaBissau.png"
        },
        {
            "name": "Guyana",
            "url": "https://raw.githubusercontent.com/sooyaaabo/IconLibrary/main/Flag/Guyana.png"
        },
        {
            "name": "Haiti",
            "url": "https://raw.githubusercontent.com/sooyaaabo/IconLibrary/main/Flag/Haiti.png"
        },
        {
            "name": "HeardAndMcdonaldIslands",
            "url": "https://raw.githubusercontent.com/sooyaaabo/IconLibrary/main/Flag/HeardAndMcdonaldIslands.png"
        },
        {
            "name": "Honduras",
            "url": "https://raw.githubusercontent.com/sooyaaabo/IconLibrary/main/Flag/Honduras.png"
        },
        {
            "name": "HongKong",
            "url": "https://raw.githubusercontent.com/sooyaaabo/IconLibrary/main/Flag/HongKong.png"
        },
        {
            "name": "Hungary",
            "url": "https://raw.githubusercontent.com/sooyaaabo/IconLibrary/main/Flag/Hungary.png"
        },
        {
            "name": "Iceland",
            "url": "https://raw.githubusercontent.com/sooyaaabo/IconLibrary/main/Flag/Iceland.png"
        },
        {
            "name": "India",
            "url": "https://raw.githubusercontent.com/sooyaaabo/IconLibrary/main/Flag/India.png"
        },
        {
            "name": "Indonesia",
            "url": "https://raw.githubusercontent.com/sooyaaabo/IconLibrary/main/Flag/Indonesia.png"
        },
        {
            "name": "Iran",
            "url": "https://raw.githubusercontent.com/sooyaaabo/IconLibrary/main/Flag/Iran.png"
        },
        {
            "name": "Iraq",
            "url": "https://raw.githubusercontent.com/sooyaaabo/IconLibrary/main/Flag/Iraq.png"
        },
        {
            "name":"Ireland", 
            "url":"https://raw.githubusercontent.com/sooyaaabo/IconLibrary/main/Flag/Ireland.png"
        }, 
        {
            "name":"IsleOfMan",
            "url":"https://raw.githubusercontent.com/sooyaaabo/IconLibrary/main/Flag/IsleOfMan.png"
        }, 
        {
            "name":"Israel",
            "url":"https://raw.githubusercontent.com/sooyaaabo/IconLibrary/main/Flag/Israel.png"
        }, 
        {
            "name":"Italy", 
            "url":"https://raw.githubusercontent.com/sooyaaabo/IconLibrary/main/Flag/Italy.png"
        }, 
        {
            "name": "Jamaica",
            "url": "https://raw.githubusercontent.com/sooyaaabo/IconLibrary/main/Flag/Jamaica.png"
        },
        {
            "name": "Japan",
            "url": "https://raw.githubusercontent.com/sooyaaabo/IconLibrary/main/Flag/Japan.png"
        },
        {
            "name": "Jersey",
            "url": "https://raw.githubusercontent.com/sooyaaabo/IconLibrary/main/Flag/Jersey.png"
        },
        {
            "name": "Jordan",
            "url": "https://raw.githubusercontent.com/sooyaaabo/IconLibrary/main/Flag/Jordan.png"
        },
        {
            "name": "Kazakhstan",
            "url": "https://raw.githubusercontent.com/sooyaaabo/IconLibrary/main/Flag/Kazakhstan.png"
        },
        {
            "name": "Kenya",
            "url": "https://raw.githubusercontent.com/sooyaaabo/IconLibrary/main/Flag/Kenya.png"
        },
        {
            "name": "Kiribati",
            "url": "https://raw.githubusercontent.com/sooyaaabo/IconLibrary/main/Flag/Kiribati.png"
        },
        {
            "name": "Kosovo",
            "url": "https://raw.githubusercontent.com/sooyaaabo/IconLibrary/main/Flag/Kosovo.png"
        },
        {
            "name": "Kuwait",
            "url": "https://raw.githubusercontent.com/sooyaaabo/IconLibrary/main/Flag/Kuwait.png"
        },
        {
            "name": "Kyrgyzstan",
            "url": "https://raw.githubusercontent.com/sooyaaabo/IconLibrary/main/Flag/Kyrgyzstan.png"
        },
        {
            "name": "Laos",
            "url": "https://raw.githubusercontent.com/sooyaaabo/IconLibrary/main/Flag/Laos.png"
        },
        {
            "name": "Latvia",
            "url": "https://raw.githubusercontent.com/sooyaaabo/IconLibrary/main/Flag/Latvia.png"
        },
        {
            "name": "Lebanon",
            "url": "https://raw.githubusercontent.com/sooyaaabo/IconLibrary/main/Flag/Lebanon.png"
        },
        {
            "name": "Lesotho",
            "url": "https://raw.githubusercontent.com/sooyaaabo/IconLibrary/main/Flag/Lesotho.png"
        },
        {
            "name": "Liberia",
            "url": "https://raw.githubusercontent.com/sooyaaabo/IconLibrary/main/Flag/Liberia.png"
        },
        {
            "name": "Libya",
            "url": "https://raw.githubusercontent.com/sooyaaabo/IconLibrary/main/Flag/Libya.png"
        },
        {
            "name": "Liechtenstein",
            "url": "https://raw.githubusercontent.com/sooyaaabo/IconLibrary/main/Flag/Liechtenstein.png"
        },
        {
            "name": "Lithuania",
            "url": "https://raw.githubusercontent.com/sooyaaabo/IconLibrary/main/Flag/Lithuania.png"
        },
        {
            "name": "Luxembourg",
            "url": "https://raw.githubusercontent.com/sooyaaabo/IconLibrary/main/Flag/Luxembourg.png"
        },
        {
            "name": "Macao",
            "url": "https://raw.githubusercontent.com/sooyaaabo/IconLibrary/main/Flag/Macao.png"
        },
        {
            "name": "Madagascar",
            "url": "https://raw.githubusercontent.com/sooyaaabo/IconLibrary/main/Flag/Madagascar.png"
        },
        {
            "name": "Malawi",
            "url": "https://raw.githubusercontent.com/sooyaaabo/IconLibrary/main/Flag/Malawi.png"
        },
        {
            "name": "Malaysia",
            "url": "https://raw.githubusercontent.com/sooyaaabo/IconLibrary/main/Flag/Malaysia.png"
        },
        {
            "name": "Maldives",
            "url": "https://raw.githubusercontent.com/sooyaaabo/IconLibrary/main/Flag/Maldives.png"
        },
        {
            "name": "Mali",
            "url": "https://raw.githubusercontent.com/sooyaaabo/IconLibrary/main/Flag/Mali.png"
        },
        {
            "name": "Malta",
            "url": "https://raw.githubusercontent.com/sooyaaabo/IconLibrary/main/Flag/Malta.png"
        },
        {
            "name": "MarshallIslands",
            "url": "https://raw.githubusercontent.com/sooyaaabo/IconLibrary/main/Flag/MarshallIslands.png"
        },
        {
            "name": "Martinique",
            "url": "https://raw.githubusercontent.com/sooyaaabo/IconLibrary/main/Flag/Martinique.png"
        },
        {
            "name": "Mauritania",
            "url": "https://raw.githubusercontent.com/sooyaaabo/IconLibrary/main/Flag/Mauritania.png"
        },
        {
            "name": "Mauritius",
            "url": "https://raw.githubusercontent.com/sooyaaabo/IconLibrary/main/Flag/Mauritius.png"
        },
        {
            "name": "Mayotte",
            "url": "https://raw.githubusercontent.com/sooyaaabo/IconLibrary/main/Flag/Mayotte.png"
        },
        {
            "name": "Mexico",
            "url": "https://raw.githubusercontent.com/sooyaaabo/IconLibrary/main/Flag/Mexico.png"
        },
        {
            "name": "Micronesia",
            "url": "https://raw.githubusercontent.com/sooyaaabo/IconLibrary/main/Flag/Micronesia.png"
        },
        {
            "name": "Moldova",
            "url": "https://raw.githubusercontent.com/sooyaaabo/IconLibrary/main/Flag/Moldova.png"
        },
        {
            "name": "Monaco",
            "url": "https://raw.githubusercontent.com/sooyaaabo/IconLibrary/main/Flag/Monaco.png"
        },
        {
            "name": "Mongolia",
            "url": "https://raw.githubusercontent.com/sooyaaabo/IconLibrary/main/Flag/Mongolia.png"
        },
        {
            "name": "Montenegro",
            "url": "https://raw.githubusercontent.com/sooyaaabo/IconLibrary/main/Flag/Montenegro.png"
        },
        {
            "name": "Montserrat",
            "url": "https://raw.githubusercontent.com/sooyaaabo/IconLibrary/main/Flag/Montserrat.png"
        },
        {
            "name": "Morocco",
            "url": "https://raw.githubusercontent.com/sooyaaabo/IconLibrary/main/Flag/Morocco.png"
        },
        {
            "name": "Mozambique",
            "url": "https://raw.githubusercontent.com/sooyaaabo/IconLibrary/main/Flag/Mozambique.png"
        },
        {
            "name": "MyanmarBurma",
            "url": "https://raw.githubusercontent.com/sooyaaabo/IconLibrary/main/Flag/MyanmarBurma.png"
        },
        {
            "name": "Namibia",
            "url": "https://raw.githubusercontent.com/sooyaaabo/IconLibrary/main/Flag/Namibia.png"
        },
        {
            "name": "Nauru",
            "url": "https://raw.githubusercontent.com/sooyaaabo/IconLibrary/main/Flag/Nauru.png"
        },
        {
            "name": "Nepal",
            "url": "https://raw.githubusercontent.com/sooyaaabo/IconLibrary/main/Flag/Nepal.png"
        },
        {
            "name": "Netherlands",
            "url": "https://raw.githubusercontent.com/sooyaaabo/IconLibrary/main/Flag/Netherlands.png"
        },
        {
            "name": "NewCaledonia",
            "url": "https://raw.githubusercontent.com/sooyaaabo/IconLibrary/main/Flag/NewCaledonia.png"
        },
        {
            "name": "NewZealand",
            "url": "https://raw.githubusercontent.com/sooyaaabo/IconLibrary/main/Flag/NewZealand.png"
        },
        {
            "name": "Nicaragua",
            "url": "https://raw.githubusercontent.com/sooyaaabo/IconLibrary/main/Flag/Nicaragua.png"
        },
        {
            "name": "Niger",
            "url": "https://raw.githubusercontent.com/sooyaaabo/IconLibrary/main/Flag/Niger.png"
        },
        {
            "name": "Nigeria",
            "url": "https://raw.githubusercontent.com/sooyaaabo/IconLibrary/main/Flag/Nigeria.png"
        },
        {
            "name": "Niue",
            "url": "https://raw.githubusercontent.com/sooyaaabo/IconLibrary/main/Flag/Niue.png"
        },
        {
            "name": "NorfolkIsland",
            "url": "https://raw.githubusercontent.com/sooyaaabo/IconLibrary/main/Flag/NorfolkIsland.png"
        },
        {
            "name": "NorthKorea",
            "url": "https://raw.githubusercontent.com/sooyaaabo/IconLibrary/main/Flag/NorthKorea.png"
        },
        {
            "name": "NorthMacedonia",
            "url": "https://raw.githubusercontent.com/sooyaaabo/IconLibrary/main/Flag/NorthMacedonia.png"
        },
        {
            "name": "NorthernMarianaIslands",
            "url": "https://raw.githubusercontent.com/sooyaaabo/IconLibrary/main/Flag/NorthernMarianaIslands.png"
        },
        {
            "name": "Norway",
            "url": "https://raw.githubusercontent.com/sooyaaabo/IconLibrary/main/Flag/Norway.png"
        },
        {
            "name": "Oman",
            "url": "https://raw.githubusercontent.com/sooyaaabo/IconLibrary/main/Flag/Oman.png"
        },
        {
            "name": "Pakistan",
            "url": "https://raw.githubusercontent.com/sooyaaabo/IconLibrary/main/Flag/Pakistan.png"
        },
        {
            "name": "Palau",
            "url": "https://raw.githubusercontent.com/sooyaaabo/IconLibrary/main/Flag/Palau.png"
        },
        {
            "name": "PalestinianTerritories",
            "url": "https://raw.githubusercontent.com/sooyaaabo/IconLibrary/main/Flag/PalestinianTerritories.png"
        },
        {
            "name": "Panama",
            "url": "https://raw.githubusercontent.com/sooyaaabo/IconLibrary/main/Flag/Panama.png"
        },
        {
            "name": "PapuaNewGuinea",
            "url": "https://raw.githubusercontent.com/sooyaaabo/IconLibrary/main/Flag/PapuaNewGuinea.png"
        },
        {
            "name": "Paraguay",
            "url": "https://raw.githubusercontent.com/sooyaaabo/IconLibrary/main/Flag/Paraguay.png"
        },
        {
            "name": "Peru",
            "url": "https://raw.githubusercontent.com/sooyaaabo/IconLibrary/main/Flag/Peru.png"
        },
        {
            "name": "Philippines",
            "url": "https://raw.githubusercontent.com/sooyaaabo/IconLibrary/main/Flag/Philippines.png"
        },
        {
            "name": "PitcairnIslands",
            "url": "https://raw.githubusercontent.com/sooyaaabo/IconLibrary/main/Flag/PitcairnIslands.png"
        },
        {
            "name": "Poland",
            "url": "https://raw.githubusercontent.com/sooyaaabo/IconLibrary/main/Flag/Poland.png"
        },
        {
            "name": "Portugal",
            "url": "https://raw.githubusercontent.com/sooyaaabo/IconLibrary/main/Flag/Portugal.png"
        },
        {
            "name": "PuertoRico",
            "url": "https://raw.githubusercontent.com/sooyaaabo/IconLibrary/main/Flag/PuertoRico.png"
        },
        {
            "name": "Qatar",
            "url": "https://raw.githubusercontent.com/sooyaaabo/IconLibrary/main/Flag/Qatar.png"
        },
        {
            "name": "Reunion",
            "url": "https://raw.githubusercontent.com/sooyaaabo/IconLibrary/main/Flag/Reunion.png"
        },
        {
            "name": "Romania",
            "url": "https://raw.githubusercontent.com/sooyaaabo/IconLibrary/main/Flag/Romania.png"
        },
        {
            "name": "RussianFederation",
            "url": "https://raw.githubusercontent.com/sooyaaabo/IconLibrary/main/Flag/RussianFederation.png"
        },
        {
            "name": "Rwanda",
            "url": "https://raw.githubusercontent.com/sooyaaabo/IconLibrary/main/Flag/Rwanda.png"
        },
        {
            "name": "SaintBarthelemy",
            "url": "https://raw.githubusercontent.com/sooyaaabo/IconLibrary/main/Flag/SaintBarthelemy.png"
        },
        {
            "name": "SaintHelena",
            "url": "https://raw.githubusercontent.com/sooyaaabo/IconLibrary/main/Flag/SaintHelena.png"
        },
        {
            "name": "SaintKittsAndNevis",
            "url": "https://raw.githubusercontent.com/sooyaaabo/IconLibrary/main/Flag/SaintKittsAndNevis.png"
        },
        {
            "name": "SaintLucia",
            "url": "https://raw.githubusercontent.com/sooyaaabo/IconLibrary/main/Flag/SaintLucia.png"
        },
        {
            "name": "SaintMartin",
            "url": "https://raw.githubusercontent.com/sooyaaabo/IconLibrary/main/Flag/SaintLucia.png"
        },
        {
            "name": "SaintPierreAndMiquelon",
            "url": "https://raw.githubusercontent.com/sooyaaabo/IconLibrary/main/Flag/SaintPierreAndMiquelon.png"
        },
        {
            "name": "SaintVincentAndGrenadines",
            "url": "https://raw.githubusercontent.com/sooyaaabo/IconLibrary/main/Flag/SaintVincentAndGrenadines.png"
        },
        {
            "name": "Samoa",
            "url": "https://raw.githubusercontent.com/sooyaaabo/IconLibrary/main/Flag/Samoa.png"
        },
        {
            "name": "SanMarino",
            "url": "https://raw.githubusercontent.com/sooyaaabo/IconLibrary/main/Flag/SanMarino.png"
        },
        {
            "name": "SaoTomeAndPrincipe",
            "url": "https://raw.githubusercontent.com/sooyaaabo/IconLibrary/main/Flag/SaoTomeAndPrincipe.png"
        },
        {
            "name": "SaudiArabia",
            "url": "https://raw.githubusercontent.com/sooyaaabo/IconLibrary/main/Flag/SaudiArabia.png"
        },
        {
            "name": "Scotland",
            "url": "https://raw.githubusercontent.com/sooyaaabo/IconLibrary/main/Flag/Scotland.png"
        },
        {
            "name": "Senegal",
            "url": "https://raw.githubusercontent.com/sooyaaabo/IconLibrary/main/Flag/Senegal.png"
        },
        {
            "name": "Serbia",
            "url": "https://raw.githubusercontent.com/sooyaaabo/IconLibrary/main/Flag/Serbia.png"
        },
        {
            "name": "Seychelles",
            "url": "https://raw.githubusercontent.com/sooyaaabo/IconLibrary/main/Flag/Seychelles.png"
        },
        {
            "name": "SierraLeone",
            "url": "https://raw.githubusercontent.com/sooyaaabo/IconLibrary/main/Flag/SierraLeone.png"
        },
        {
            "name": "Singapore",
            "url": "https://raw.githubusercontent.com/sooyaaabo/IconLibrary/main/Flag/Singapore.png"
        },
        {
            "name": "SintMaarten",
            "url": "https://raw.githubusercontent.com/sooyaaabo/IconLibrary/main/Flag/SintMaarten.png"
        },
        {
            "name": "Slovakia",
            "url": "https://raw.githubusercontent.com/sooyaaabo/IconLibrary/main/Flag/Slovakia.png"
        },
        {
            "name": "Slovenia",
            "url": "https://raw.githubusercontent.com/sooyaaabo/IconLibrary/main/Flag/Slovenia.png"
        },
        {
            "name": "SolomonIslands",
            "url": "https://raw.githubusercontent.com/sooyaaabo/IconLibrary/main/Flag/SolomonIslands.png"
        },
        {
            "name": "Somalia",
            "url": "https://raw.githubusercontent.com/sooyaaabo/IconLibrary/main/Flag/Somalia.png"
        },
        {
            "name": "SouthAfrica",
            "url": "https://raw.githubusercontent.com/sooyaaabo/IconLibrary/main/Flag/SouthAfrica.png"
        },
        {
            "name": "SouthGeorgiaAndSouthSandwichIslands",
            "url": "https://raw.githubusercontent.com/sooyaaabo/IconLibrary/main/Flag/SouthGeorgiaAndSouthSandwichIslands.png"
        },
        {
            "name": "SouthKorea",
            "url": "https://raw.githubusercontent.com/sooyaaabo/IconLibrary/main/Flag/SouthKorea.png"
        },
        {
            "name": "SouthSudan",
            "url": "https://raw.githubusercontent.com/sooyaaabo/IconLibrary/main/Flag/SouthSudan.png"
        },
        {
            "name": "Spain",
            "url": "https://raw.githubusercontent.com/sooyaaabo/IconLibrary/main/Flag/Spain.png"
        },
        {
            "name": "SriLanka",
            "url": "https://raw.githubusercontent.com/sooyaaabo/IconLibrary/main/Flag/SriLanka.png"
        },
        {
            "name": "Sudan",
            "url": "https://raw.githubusercontent.com/sooyaaabo/IconLibrary/main/Flag/Sudan.png"
        },
        {
            "name": "Suriname",
            "url": "https://raw.githubusercontent.com/sooyaaabo/IconLibrary/main/Flag/Suriname.png"
        },
        {
            "name": "SvalbardAndJanMayen",
            "url": "https://raw.githubusercontent.com/sooyaaabo/IconLibrary/main/Flag/SvalbardAndJanMayen.png"
        },
        {
            "name": "Sweden",
            "url": "https://raw.githubusercontent.com/sooyaaabo/IconLibrary/main/Flag/Sweden.png"
        },
        {
            "name": "Switzerland",
            "url": "https://raw.githubusercontent.com/sooyaaabo/IconLibrary/main/Flag/Switzerland.png"
        },
        {
            "name": "SyrianArabRepublic",
            "url": "https://raw.githubusercontent.com/sooyaaabo/IconLibrary/main/Flag/SyrianArabRepublic.png"
        },
        {
            "name": "Taiwan",
            "url": "https://raw.githubusercontent.com/sooyaaabo/IconLibrary/main/Flag/Taiwan.png"
        },
        {
            "name": "Tajikistan",
            "url": "https://raw.githubusercontent.com/sooyaaabo/IconLibrary/main/Flag/Tajikistan.png"
        },
        {
            "name": "Tanzania",
            "url": "https://raw.githubusercontent.com/sooyaaabo/IconLibrary/main/Flag/Tanzania.png"
        },
        {
            "name": "Thailand",
            "url": "https://raw.githubusercontent.com/sooyaaabo/IconLibrary/main/Flag/Thailand.png"
        },
        {
            "name": "TimorLeste",
            "url": "https://raw.githubusercontent.com/sooyaaabo/IconLibrary/main/Flag/TimorLeste.png"
        },
        {
            "name": "Togo",
            "url": "https://raw.githubusercontent.com/sooyaaabo/IconLibrary/main/Flag/Togo.png"
        },
        {
            "name": "Tokelau",
            "url": "https://raw.githubusercontent.com/sooyaaabo/IconLibrary/main/Flag/Tokelau.png"
        },
        {
            "name": "Tonga",
            "url": "https://raw.githubusercontent.com/sooyaaabo/IconLibrary/main/Flag/Tonga.png"
        },
        {
            "name": "TrinidadAndTobago",
            "url": "https://raw.githubusercontent.com/sooyaaabo/IconLibrary/main/Flag/TrinidadAndTobago.png"
        },
        {
            "name": "TristanDaCunha",
            "url": "https://raw.githubusercontent.com/sooyaaabo/IconLibrary/main/Flag/TristanDaCunha.png"
        },
        {
            "name": "Tunisia",
            "url": "https://raw.githubusercontent.com/sooyaaabo/IconLibrary/main/Flag/Tunisia.png"
        },
        {
            "name": "Turkey",
            "url": "https://raw.githubusercontent.com/sooyaaabo/IconLibrary/main/Flag/Turkey.png"
        },
        {
            "name": "Turkmenistan",
            "url": "https://raw.githubusercontent.com/sooyaaabo/IconLibrary/main/Flag/Turkmenistan.png"
        },
        {
            "name": "TurksAndCaicosIslands",
            "url": "https://raw.githubusercontent.com/sooyaaabo/IconLibrary/main/Flag/TurksAndCaicosIslands.png"
        },
        {
            "name": "Tuvalu",
            "url": "https://raw.githubusercontent.com/sooyaaabo/IconLibrary/main/Flag/Tuvalu.png"
        },
        {
            "name": "Uganda",
            "url": "https://raw.githubusercontent.com/sooyaaabo/IconLibrary/main/Flag/Uganda.png"
        },
        {
            "name": "Ukraine",
            "url": "https://raw.githubusercontent.com/sooyaaabo/IconLibrary/main/Flag/Ukraine.png"
        },
        {
            "name": "UnitedArabEmirates",
            "url": "https://raw.githubusercontent.com/sooyaaabo/IconLibrary/main/Flag/UnitedArabEmirates.png"
        },
        {
            "name": "UnitedKingdom",
            "url": "https://raw.githubusercontent.com/sooyaaabo/IconLibrary/main/Flag/UnitedKingdom.png"
        },
        {
            "name": "UnitedNations",
            "url": "https://raw.githubusercontent.com/sooyaaabo/IconLibrary/main/Flag/UnitedNations.png"
        },
        {
            "name": "UnitedStates",
            "url": "https://raw.githubusercontent.com/sooyaaabo/IconLibrary/main/Flag/UnitedStates.png"
        },
        {
            "name": "UnitedStatesMinorOutlyingIslands",
            "url": "https://raw.githubusercontent.com/sooyaaabo/IconLibrary/main/Flag/UnitedStatesMinorOutlyingIslands.png"
        },
        {
            "name": "UnitedStatesVirginIslands",
            "url": "https://raw.githubusercontent.com/sooyaaabo/IconLibrary/main/Flag/UnitedStatesVirginIslands.png"
        },
        {
            "name": "Uruguay",
            "url": "https://raw.githubusercontent.com/sooyaaabo/IconLibrary/main/Flag/Uruguay.png"
        },
        {
            "name": "Uzbekistan",
            "url": "https://raw.githubusercontent.com/sooyaaabo/IconLibrary/main/Flag/Uzbekistan.png"
        },
        {
            "name": "Vanuatu",
            "url": "https://raw.githubusercontent.com/sooyaaabo/IconLibrary/main/Flag/Vanuatu.png"
        },
        {
            "name": "VaticanCity",
            "url": "https://raw.githubusercontent.com/sooyaaabo/IconLibrary/main/Flag/VaticanCity.png"
        },
        {
            "name": "Venezuela",
            "url": "https://raw.githubusercontent.com/sooyaaabo/IconLibrary/main/Flag/Venezuela.png"
        },
        {
            "name": "Vietnam",
            "url": "https://raw.githubusercontent.com/sooyaaabo/IconLibrary/main/Flag/Vietnam.png"
        },
        {
            "name": "Wales",
            "url": "https://raw.githubusercontent.com/sooyaaabo/IconLibrary/main/Flag/Wales.png"
        },
        {
            "name": "WallisAndFutuna",
            "url": "https://raw.githubusercontent.com/sooyaaabo/IconLibrary/main/Flag/WallisAndFutuna.png"
        },
        {
            "name": "WesternSahara",
            "url": "https://raw.githubusercontent.com/sooyaaabo/IconLibrary/main/Flag/WesternSahara.png"
        },
        {
            "name": "Yemen",
            "url": "https://raw.githubusercontent.com/sooyaaabo/IconLibrary/main/Flag/Yemen.png"
        },
        {
            "name": "Zambia",
            "url": "https://raw.githubusercontent.com/sooyaaabo/IconLibrary/main/Flag/Zambia.png"
        },
        {
            "name": "Zimbabwe",
            "url": "https://raw.githubusercontent.com/sooyaaabo/IconLibrary/main/Flag/Zimbabwe.png"
        }
    ]
}