{
    "name": "Other Icons",
    "description": "sooyaaabo（恩秀）",
    "icons": [
        {
            "name": "sooyaaabo",
            "url": "https://raw.githubusercontent.com/sooyaaabo/IconLibrary/main/Other/sooyaaabo-01.png"
        },
        {
            "name": "sooyaaabo",
            "url": "https://raw.githubusercontent.com/sooyaaabo/IconLibrary/main/Other/sooyaaabo-02.png"
        },
        {
            "name": "Klee Kelee",
            "url": "https://raw.githubusercontent.com/sooyaaabo/IconLibrary/main/Other/Klee-01.png"
        },
        {
            "name": "Klee Kelee",
            "url": "https://raw.githubusercontent.com/sooyaaabo/IconLibrary/main/Other/Klee-02.png"
        },
        {
            "name": "MyBlockAds RuCu6",
            "url": "https://raw.githubusercontent.com/sooyaaabo/IconLibrary/main/Other/MyBlockAds.png"
        },
        {
            "name": "SourceCodeSandbox",
            "url": "https://raw.githubusercontent.com/sooyaaabo/IconLibrary/main/Other/SourceCodeSandbox.png"
        },
        {
            "name": "LoonLab",
            "url": "https://raw.githubusercontent.com/sooyaaabo/IconLibrary/main/Other/LoonLab.png"
        },
        {
            "name": "Wi-Fi",
            "url": "https://raw.githubusercontent.com/sooyaaabo/IconLibrary/main/Other/Wi-Fi.png"
        },
        {
            "name": "Cellular",
            "url": "https://raw.githubusercontent.com/sooyaaabo/IconLibrary/main/Other/Cellular.png"
        },
        {
            "name": "Network",
            "url": "https://raw.githubusercontent.com/sooyaaabo/IconLibrary/main/Other/Network.png"
        },
        {
            "name": "Netisp",
            "url": "https://raw.githubusercontent.com/sooyaaabo/IconLibrary/main/Other/Netisp.png"
        },
        {
            "name": "NodeTools",
            "url": "https://raw.githubusercontent.com/sooyaaabo/IconLibrary/main/Other/NodeTools.png"
        },
        {
            "name": "Information",
            "url": "https://raw.githubusercontent.com/sooyaaabo/IconLibrary/main/Other/Information.png"
        },
        {
            "name": "SkipProxy",
            "url": "https://raw.githubusercontent.com/sooyaaabo/IconLibrary/main/Other/SkipProxy.png"
        },
        {
            "name": "CNY",
            "url": "https://raw.githubusercontent.com/sooyaaabo/IconLibrary/main/Other/CNY.png"
        },
        {
            "name": "Final",
            "url": "https://raw.githubusercontent.com/sooyaaabo/IconLibrary/main/Other/Final.png"
        },
        {
            "name": "AdReject",
            "url": "https://raw.githubusercontent.com/sooyaaabo/IconLibrary/main/Other/AdReject.png"
        },
        {
            "name": "ShieldReject",
            "url": "https://raw.githubusercontent.com/sooyaaabo/IconLibrary/main/Other/ShieldReject.png"
        },
        {
            "name": "iOS",
            "url": "https://raw.githubusercontent.com/sooyaaabo/IconLibrary/main/Other/iOS.png"
        },
        {
            "name": "iPadOS",
            "url": "https://raw.githubusercontent.com/sooyaaabo/IconLibrary/main/Other/iPadOS.png"
        },
        {
            "name": "macOS",
            "url": "https://raw.githubusercontent.com/sooyaaabo/IconLibrary/main/Other/macOS.png"
        },
        {
            "name": "tvOS",
            "url": "https://raw.githubusercontent.com/sooyaaabo/IconLibrary/main/Other/tvOS.png"
        },
        {
            "name": "visionOS",
            "url": "https://raw.githubusercontent.com/sooyaaabo/IconLibrary/main/Other/visionOS.png"
        },
        {
            "name": "watchOS",
            "url": "https://raw.githubusercontent.com/sooyaaabo/IconLibrary/main/Other/watchOS.png"
        },
        {
            "name": "Select",
            "url": "https://raw.githubusercontent.com/sooyaaabo/IconLibrary/main/Other/Select.png"
        },
        {
            "name": "UrlTest",
            "url": "https://raw.githubusercontent.com/sooyaaabo/IconLibrary/main/Other/UrlTest.png"
        },
        {
            "name": "Fallback",
            "url": "https://raw.githubusercontent.com/sooyaaabo/IconLibrary/main/Other/Fallback.png"
        },
        {
            "name": "LoadBalance",
            "url": "https://raw.githubusercontent.com/sooyaaabo/IconLibrary/main/Other/LoadBalance.png"
        },
        {
            "name": "Relay Chain",
            "url": "https://raw.githubusercontent.com/sooyaaabo/IconLibrary/main/Other/Relay.png"
        },
        {
            "name": "Web_301",
            "url": "https://raw.githubusercontent.com/sooyaaabo/IconLibrary/main/Other/Web_301.png"
        },
        {
            "name": "Web_302",
            "url": "https://raw.githubusercontent.com/sooyaaabo/IconLibrary/main/Other/Web_302.png"
        },
        {
            "name": "Web_403",
            "url": "https://raw.githubusercontent.com/sooyaaabo/IconLibrary/main/Other/Web_403.png"
        },
        {
            "name": "Web_404",
            "url": "https://raw.githubusercontent.com/sooyaaabo/IconLibrary/main/Other/Web_404.png"
        },
        {
            "name": "Web_500",
            "url": "https://raw.githubusercontent.com/sooyaaabo/IconLibrary/main/Other/Web_500.png"
        },
        {
            "name": "Web_502",
            "url": "https://raw.githubusercontent.com/sooyaaabo/IconLibrary/main/Other/Web_502.png"
        },
        {
            "name": "Web_redirect",
            "url": "https://raw.githubusercontent.com/sooyaaabo/IconLibrary/main/Other/Web_redirect.png"
        },
        {
            "name": "Web_warning",
            "url": "https://raw.githubusercontent.com/sooyaaabo/IconLibrary/main/Other/Web_warning.png"
        },
        {
            "name": "Web_www",
            "url": "https://raw.githubusercontent.com/sooyaaabo/IconLibrary/main/Other/Web_www.png"
        },
        {
            "name": "SSID-HK",
            "url": "https://raw.githubusercontent.com/sooyaaabo/IconLibrary/main/Other/SSID-HK.png"
        },
        {
            "name": "SSID-JP",
            "url": "https://raw.githubusercontent.com/sooyaaabo/IconLibrary/main/Other/SSID-JP.png"
        },
        {
            "name": "SSID-KR",
            "url": "https://raw.githubusercontent.com/sooyaaabo/IconLibrary/main/Other/SSID-KR.png"
        },
        {
            "name": "SSID-SG",
            "url": "https://raw.githubusercontent.com/sooyaaabo/IconLibrary/main/Other/SSID-SG.png"
        },
        {
            "name": "SSID-TW",
            "url": "https://raw.githubusercontent.com/sooyaaabo/IconLibrary/main/Other/SSID-TW.png"
        },
        {
            "name": "SSID-US",
            "url": "https://raw.githubusercontent.com/sooyaaabo/IconLibrary/main/Other/SSID-US.png"
        },
        {
            "name": "LOAD-HK",
            "url": "https://raw.githubusercontent.com/sooyaaabo/IconLibrary/main/Other/LOAD-HK.png"
        },
        {
            "name": "LOAD-JP",
            "url": "https://raw.githubusercontent.com/sooyaaabo/IconLibrary/main/Other/LOAD-JP.png"
        },
        {
            "name": "LOAD-KR",
            "url": "https://raw.githubusercontent.com/sooyaaabo/IconLibrary/main/Other/LOAD-KR.png"
        },
        {
            "name": "LOAD-SG",
            "url": "https://raw.githubusercontent.com/sooyaaabo/IconLibrary/main/Other/LOAD-SG.png"
        },
        {
            "name": "LOAD-TW",
            "url": "https://raw.githubusercontent.com/sooyaaabo/IconLibrary/main/Other/LOAD-TW.png"
        },
        {
            "name": "LOAD-US",
            "url": "https://raw.githubusercontent.com/sooyaaabo/IconLibrary/main/Other/LOAD-US.png"
        },
        {
            "name": "Urltest-HK",
            "url": "https://raw.githubusercontent.com/sooyaaabo/IconLibrary/main/Other/Urltest-HK.png"
        },
        {
            "name": "Urltest-JP",
            "url": "https://raw.githubusercontent.com/sooyaaabo/IconLibrary/main/Other/Urltest-JP.png"
        },
        {
            "name": "Urltest-KR",
            "url": "https://raw.githubusercontent.com/sooyaaabo/IconLibrary/main/Other/Urltest-KR.png"
        },
        {
            "name": "Urltest-SG",
            "url": "https://raw.githubusercontent.com/sooyaaabo/IconLibrary/main/Other/Urltest-SG.png"
        },
        {
            "name": "Urltest-TW",
            "url": "https://raw.githubusercontent.com/sooyaaabo/IconLibrary/main/Other/Urltest-TW.png"
        },
        {
            "name": "Urltest-US",
            "url": "https://raw.githubusercontent.com/sooyaaabo/IconLibrary/main/Other/Urltest-US.png"
        },
        {
            "name": "FAULT-HK",
            "url": "https://raw.githubusercontent.com/sooyaaabo/IconLibrary/main/Other/FAULT-HK.png"
        },
        {
            "name": "FAULT-JP",
            "url": "https://raw.githubusercontent.com/sooyaaabo/IconLibrary/main/Other/FAULT-JP.png"
        },
        {
            "name": "FAULT-KR",
            "url": "https://raw.githubusercontent.com/sooyaaabo/IconLibrary/main/Other/FAULT-KR.png"
        },
        {
            "name": "FAULT-SG",
            "url": "https://raw.githubusercontent.com/sooyaaabo/IconLibrary/main/Other/FAULT-SG.png"
        },
        {
            "name": "FAULT-TW",
            "url": "https://raw.githubusercontent.com/sooyaaabo/IconLibrary/main/Other/FAULT-TW.png"
        },
        {
            "name": "FAULT-US",
            "url": "https://raw.githubusercontent.com/sooyaaabo/IconLibrary/main/Other/FAULT-US.png"
        }
    ]
}